{
	"credit": "Made with Blockbench",
	"textures": {
		"1": "block/oak_log",
		"2": "block/oak_log_top",
		"3": "block/oak_planks",
		"particle": "block/oak_log"
	},
	"elements": [
		{
			"from": [14, 0, 2],
			"to": [16, 14, 4],
			"rotation": {"angle": 0, "axis": "y", "origin": [16, 2, -1]},
			"faces": {
				"north": {"uv": [14, 0, 16, 14], "texture": "#1"},
				"east": {"uv": [6, 0, 8, 14], "texture": "#1"},
				"south": {"uv": [10, 0, 12, 14], "texture": "#1"},
				"west": {"uv": [2, 0, 4, 14], "texture": "#1"},
				"up": {"uv": [2, 0, 4, 2], "texture": "#1"},
				"down": {"uv": [2, 0, 4, 2], "texture": "#1"}
			}
		},
		{
			"from": [14, 12, 4],
			"to": [16, 14, 16],
			"rotation": {"angle": 0, "axis": "y", "origin": [16, 2, -1]},
			"faces": {
				"north": {"uv": [14, 0, 16, 2], "texture": "#1"},
				"east": {"uv": [6, 0, 8, 2], "texture": "#1"},
				"south": {"uv": [10, 0, 12, 2], "texture": "#1"},
				"west": {"uv": [2, 0, 4, 2], "texture": "#1"},
				"up": {"uv": [2, 0, 4, 2], "texture": "#1"},
				"down": {"uv": [2, 0, 4, 2], "texture": "#1"}
			}
		},
		{
			"from": [2, 12, 14],
			"to": [14, 14, 16],
			"rotation": {"angle": 0, "axis": "y", "origin": [16, 2, -1]},
			"faces": {
				"north": {"uv": [4, 0, 16, 2], "texture": "#1"},
				"east": {"uv": [6, 0, 8, 2], "texture": "#1"},
				"south": {"uv": [4, 0, 16, 2], "texture": "#1"},
				"west": {"uv": [2, 0, 4, 2], "texture": "#1"},
				"up": {"uv": [2, 0, 14, 2], "texture": "#1"},
				"down": {"uv": [2, 0, 14, 2], "texture": "#1"}
			}
		},
		{
			"from": [0, 12, 4],
			"to": [2, 14, 16],
			"rotation": {"angle": 0, "axis": "y", "origin": [0, 2, -1]},
			"faces": {
				"north": {"uv": [16, 0, 14, 2], "texture": "#1"},
				"east": {"uv": [4, 0, 2, 2], "texture": "#1"},
				"south": {"uv": [12, 0, 10, 2], "texture": "#1"},
				"west": {"uv": [8, 0, 6, 2], "texture": "#1"},
				"up": {"uv": [4, 0, 2, 2], "texture": "#1"},
				"down": {"uv": [4, 0, 2, 2], "texture": "#1"}
			}
		},
		{
			"from": [0, 0, 2],
			"to": [2, 14, 4],
			"rotation": {"angle": 0, "axis": "y", "origin": [0, 2, -1]},
			"faces": {
				"north": {"uv": [16, 0, 14, 14], "texture": "#1"},
				"east": {"uv": [4, 0, 2, 14], "texture": "#1"},
				"south": {"uv": [12, 0, 10, 14], "texture": "#1"},
				"west": {"uv": [8, 0, 6, 14], "texture": "#1"},
				"up": {"uv": [4, 0, 2, 2], "texture": "#1"},
				"down": {"uv": [4, 0, 2, 2], "texture": "#1"}
			}
		},
		{
			"from": [11.5, 5, 9.25],
			"to": [13.5, 20, 11.25],
			"rotation": {"angle": 22.5, "axis": "x", "origin": [12, 5.5, 11]},
			"faces": {
				"north": {"uv": [6, 0, 8, 16], "texture": "#1"},
				"east": {"uv": [0, 0, 2, 16], "texture": "#1"},
				"south": {"uv": [2, 0, 4, 16], "texture": "#1"},
				"west": {"uv": [4, 0, 6, 16], "texture": "#1"},
				"up": {"uv": [8, 7, 10, 9], "texture": "#2"},
				"down": {"uv": [2, 2, 4, 4], "texture": "#1"}
			}
		},
		{
			"from": [9.25, 5, 9.25],
			"to": [11.25, 21, 11.25],
			"rotation": {"angle": 22.5, "axis": "x", "origin": [12, 5.5, 11]},
			"faces": {
				"north": {"uv": [6, 0, 8, 16], "texture": "#1"},
				"east": {"uv": [0, 0, 2, 16], "texture": "#1"},
				"south": {"uv": [2, 0, 4, 16], "texture": "#1"},
				"west": {"uv": [4, 0, 6, 16], "texture": "#1"},
				"up": {"uv": [8, 7, 10, 9], "texture": "#2"},
				"down": {"uv": [2, 2, 4, 4], "texture": "#1"}
			}
		},
		{
			"from": [7, 5, 9.25],
			"to": [9, 21, 11.25],
			"rotation": {"angle": 22.5, "axis": "x", "origin": [12, 5.5, 11]},
			"faces": {
				"north": {"uv": [6, 0, 8, 16], "texture": "#1"},
				"east": {"uv": [0, 0, 2, 16], "texture": "#1"},
				"south": {"uv": [2, 0, 4, 16], "texture": "#1"},
				"west": {"uv": [4, 0, 6, 16], "texture": "#1"},
				"up": {"uv": [8, 7, 10, 9], "texture": "#2"},
				"down": {"uv": [2, 2, 4, 4], "texture": "#1"}
			}
		},
		{
			"from": [2.5, 5, 9.25],
			"to": [4.5, 20, 11.25],
			"rotation": {"angle": 22.5, "axis": "x", "origin": [4, 5.5, 11]},
			"faces": {
				"north": {"uv": [8, 0, 6, 16], "texture": "#1"},
				"east": {"uv": [6, 0, 4, 16], "texture": "#1"},
				"south": {"uv": [4, 0, 2, 16], "texture": "#1"},
				"west": {"uv": [2, 0, 0, 16], "texture": "#1"},
				"up": {"uv": [10, 7, 8, 9], "texture": "#2"},
				"down": {"uv": [4, 2, 2, 4], "texture": "#1"}
			}
		},
		{
			"from": [4.75, 5, 9.25],
			"to": [6.75, 21, 11.25],
			"rotation": {"angle": 22.5, "axis": "x", "origin": [4, 5.5, 11]},
			"faces": {
				"north": {"uv": [8, 0, 6, 16], "texture": "#1"},
				"east": {"uv": [6, 0, 4, 16], "texture": "#1"},
				"south": {"uv": [4, 0, 2, 16], "texture": "#1"},
				"west": {"uv": [2, 0, 0, 16], "texture": "#1"},
				"up": {"uv": [10, 7, 8, 9], "texture": "#2"},
				"down": {"uv": [4, 2, 2, 4], "texture": "#1"}
			}
		},
		{
			"from": [2, 5, 1],
			"to": [14, 7, 13],
			"rotation": {"angle": 22.5, "axis": "x", "origin": [9, 11, 7]},
			"faces": {
				"north": {"uv": [2, 2, 14, 4], "texture": "#3"},
				"east": {"uv": [2, 2, 14, 4], "texture": "#3"},
				"south": {"uv": [2, 2, 14, 4], "texture": "#3"},
				"west": {"uv": [2, 2, 14, 4], "texture": "#3"},
				"up": {"uv": [2, 2, 14, 14], "texture": "#3"},
				"down": {"uv": [2, 2, 14, 14], "texture": "#3"}
			}
		},
		{
			"from": [12, 5, 13],
			"to": [14, 7, 22],
			"rotation": {"angle": 22.5, "axis": "x", "origin": [9, 11, 7]},
			"faces": {
				"north": {"uv": [0, 0, 2, 2], "texture": "#3"},
				"east": {"uv": [0, 0, 9, 2], "texture": "#3"},
				"south": {"uv": [0, 0, 2, 2], "texture": "#3"},
				"west": {"uv": [0, 0, 9, 2], "texture": "#3"},
				"up": {"uv": [0, 0, 2, 9], "texture": "#3"},
				"down": {"uv": [0, 0, 2, 9], "texture": "#3"}
			}
		},
		{
			"from": [2, 5, 13],
			"to": [4, 7, 22],
			"rotation": {"angle": 22.5, "axis": "x", "origin": [7, 11, 7]},
			"faces": {
				"north": {"uv": [2, 0, 0, 2], "texture": "#3"},
				"east": {"uv": [9, 0, 0, 2], "texture": "#3"},
				"south": {"uv": [2, 0, 0, 2], "texture": "#3"},
				"west": {"uv": [9, 0, 0, 2], "texture": "#3"},
				"up": {"uv": [2, 0, 0, 9], "texture": "#3"},
				"down": {"uv": [2, 0, 0, 9], "texture": "#3"}
			}
		}
	],
	"gui_light": "front",
	"display": {
		"thirdperson_righthand": {
			"rotation": [75, 45, 0],
			"translation": [0, 2.5, 0],
			"scale": [0.375, 0.375, 0.375]
		},
		"firstperson_righthand": {
			"rotation": [0, 45, 0],
			"scale": [0.4, 0.4, 0.4]
		},
		"firstperson_lefthand": {
			"rotation": [0, 225, 0],
			"scale": [0.4, 0.4, 0.4]
		},
		"ground": {
			"translation": [0, 3, 0],
			"scale": [0.25, 0.25, 0.25]
		},
		"gui": {
			"rotation": [30, 225, 0],
			"translation": [0, -1.75, 0],
			"scale": [0.625, 0.625, 0.625]
		},
		"fixed": {
			"translation": [0, 0, -5.5]
		}
	}
}