{
	"credit": "Made with Blockbench",
	"textures": {
		"1": "block/light_gray_concrete",
		"2": "block/quartz_bricks",
		"3": "block/quartz_block_bottom",
		"particle": "block/quartz_bricks"
	},
	"elements": [
		{
			"from": [2, 10, 12],
			"to": [14, 19, 15],
			"rotation": {"angle": 0, "axis": "y", "origin": [16, 0, 16]},
			"faces": {
				"north": {"uv": [4, 0, 16, 9], "texture": "#2"},
				"east": {"uv": [0, 0, 3, 9], "texture": "#2"},
				"south": {"uv": [2, 0, 14, 9], "texture": "#2"},
				"west": {"uv": [4, 0, 7, 9], "texture": "#2"},
				"up": {"uv": [3, 7, 15, 10], "texture": "#2"},
				"down": {"uv": [2, 2, 14, 5], "texture": "#2"}
			}
		},
		{
			"from": [11.5, 17, 11],
			"to": [15.5, 18, 12],
			"rotation": {"angle": 0, "axis": "y", "origin": [14.5, 14.5, 12.5]},
			"faces": {
				"north": {"uv": [4, 0, 8, 1], "texture": "#1"},
				"east": {"uv": [4, 0, 5, 1], "texture": "#1"},
				"south": {"uv": [0, 0, 4, 1], "texture": "#1"},
				"west": {"uv": [2, 0, 3, 1], "texture": "#1"},
				"up": {"uv": [3, 7, 4, 11], "rotation": 90, "texture": "#1"},
				"down": {"uv": [2, 2, 3, 6], "rotation": 270, "texture": "#1"}
			}
		},
		{
			"from": [1.5, 19, 11.5],
			"to": [14.5, 21, 15.5],
			"rotation": {"angle": 0, "axis": "y", "origin": [16, 0, 16]},
			"faces": {
				"north": {"uv": [3, 0, 16, 2], "texture": "#2"},
				"east": {"uv": [0, 0, 4, 2], "texture": "#2"},
				"south": {"uv": [2, 0, 15, 2], "texture": "#2"},
				"west": {"uv": [4, 0, 8, 2], "texture": "#2"},
				"up": {"uv": [3, 7, 16, 11], "texture": "#2"},
				"down": {"uv": [2, 2, 15, 6], "texture": "#2"}
			}
		},
		{
			"from": [6, 2, 12],
			"to": [10, 10, 14],
			"rotation": {"angle": 0, "axis": "y", "origin": [16, 0, 16]},
			"faces": {
				"north": {"uv": [6, 0, 10, 8], "texture": "#2"},
				"east": {"uv": [0, 0, 2, 8], "texture": "#2"},
				"south": {"uv": [2, 0, 6, 8], "texture": "#2"},
				"west": {"uv": [4, 0, 6, 8], "texture": "#2"},
				"up": {"uv": [3, 7, 7, 9], "texture": "#2"},
				"down": {"uv": [2, 2, 6, 4], "texture": "#2"}
			}
		},
		{
			"from": [6, 2, 11],
			"to": [10, 6, 12],
			"rotation": {"angle": 0, "axis": "y", "origin": [16, 0, 16]},
			"faces": {
				"north": {"uv": [6, 0, 10, 4], "texture": "#1"},
				"east": {"uv": [0, 0, 1, 4], "texture": "#1"},
				"south": {"uv": [2, 0, 6, 4], "texture": "#1"},
				"west": {"uv": [4, 0, 5, 4], "texture": "#1"},
				"up": {"uv": [3, 7, 7, 8], "texture": "#1"},
				"down": {"uv": [2, 2, 6, 3], "texture": "#1"}
			}
		},
		{
			"from": [3, 8, 1],
			"to": [13, 10, 13],
			"faces": {
				"north": {"uv": [2, 2, 12, 4], "texture": "#3"},
				"east": {"uv": [2, 2, 14, 4], "texture": "#3"},
				"south": {"uv": [2, 2, 12, 4], "texture": "#3"},
				"west": {"uv": [2, 2, 14, 4], "texture": "#3"},
				"up": {"uv": [2, 2, 12, 14], "texture": "#3"},
				"down": {"uv": [2, 2, 12, 14], "texture": "#3"}
			}
		},
		{
			"from": [4, 6, 2],
			"to": [12, 8, 12],
			"faces": {
				"north": {"uv": [2, 2, 10, 4], "texture": "#3"},
				"east": {"uv": [2, 2, 12, 4], "texture": "#3"},
				"south": {"uv": [2, 2, 10, 4], "texture": "#3"},
				"west": {"uv": [2, 2, 12, 4], "texture": "#3"},
				"up": {"uv": [2, 2, 10, 12], "texture": "#3"},
				"down": {"uv": [2, 2, 10, 12], "texture": "#3"}
			}
		},
		{
			"from": [3, 0, 1],
			"to": [13, 2, 13],
			"faces": {
				"north": {"uv": [2, 2, 12, 4], "texture": "#3"},
				"east": {"uv": [2, 2, 14, 4], "texture": "#3"},
				"south": {"uv": [2, 2, 12, 4], "texture": "#3"},
				"west": {"uv": [2, 2, 14, 4], "texture": "#3"},
				"up": {"uv": [2, 2, 12, 14], "texture": "#3"},
				"down": {"uv": [2, 2, 12, 14], "texture": "#3"}
			}
		},
		{
			"from": [5, 2, 3],
			"to": [11, 4, 11],
			"faces": {
				"north": {"uv": [2, 2, 8, 4], "texture": "#3"},
				"east": {"uv": [2, 2, 10, 4], "texture": "#3"},
				"south": {"uv": [2, 2, 8, 4], "texture": "#3"},
				"west": {"uv": [2, 2, 10, 4], "texture": "#3"},
				"up": {"uv": [2, 2, 8, 10], "texture": "#3"},
				"down": {"uv": [2, 2, 8, 10], "texture": "#3"}
			}
		},
		{
			"from": [4.5, 4, 2.5],
			"to": [11.5, 6, 11.5],
			"faces": {
				"north": {"uv": [2, 2, 9, 4], "texture": "#3"},
				"east": {"uv": [2, 2, 11, 4], "texture": "#3"},
				"south": {"uv": [2, 2, 9, 4], "texture": "#3"},
				"west": {"uv": [2, 2, 11, 4], "texture": "#3"},
				"up": {"uv": [2, 2, 9, 11], "texture": "#3"},
				"down": {"uv": [2, 2, 9, 11], "texture": "#3"}
			}
		}
	],
	"gui_light": "front",
	"display": {
		"thirdperson_righthand": {
			"rotation": [75, 45, 0],
			"translation": [0, 2.5, 0],
			"scale": [0.375, 0.375, 0.375]
		},
		"firstperson_righthand": {
			"rotation": [0, 45, 0],
			"scale": [0.4, 0.4, 0.4]
		},
		"firstperson_lefthand": {
			"rotation": [0, 225, 0],
			"scale": [0.4, 0.4, 0.4]
		},
		"ground": {
			"translation": [0, 3, 0],
			"scale": [0.25, 0.25, 0.25]
		},
		"gui": {
			"rotation": [30, 225, 0],
			"translation": [0, -1.75, 0],
			"scale": [0.625, 0.625, 0.625]
		},
		"fixed": {
			"translation": [0, 0, -5.5]
		}
	}
}