{
    "model": {
      "type": "minecraft:range_dispatch",
      "property": "minecraft:custom_model_data",
      "index": 0,
      "fallback": {
        "type": "minecraft:model",
        "model": "minecraft:item/barrier"
      },
      "entries": [
        {"model": {"type": "minecraft:model","model": "wasd:item/blank"},"threshold": 6370000},
        {"model": {"type": "minecraft:model","model": "wasd:item/objects/trees/oak_1"},"threshold": 6379001},
        {"model": {"type": "minecraft:model","model": "wasd:item/objects/trees/oak_2"},"threshold": 6379002},
        {"model": {"type": "minecraft:model","model": "wasd:item/objects/trees/oak_3"},"threshold": 6379003},
        {"model": {"type": "minecraft:model","model": "wasd:item/objects/trees/oak_4"},"threshold": 6379004},
        {"model": {"type": "minecraft:model","model": "wasd:item/objects/trees/spruce_1"},"threshold": 6379005},
        {"model": {"type": "minecraft:model","model": "wasd:item/objects/trees/spruce_2"},"threshold": 6379006},
        {"model": {"type": "minecraft:model","model": "wasd:item/objects/trees/spruce_3"},"threshold": 6379007},
        {"model": {"type": "minecraft:model","model": "wasd:item/objects/trees/spruce_4"},"threshold": 6379008},
        {"model": {"type": "minecraft:model","model": "wasd:item/objects/trees/spruce_5"},"threshold": 6379009},
        {"model": {"type": "minecraft:model","model": "wasd:item/objects/trees/spruce_6"},"threshold": 6379010},
        {"model": {"type": "minecraft:model","model": "wasd:item/objects/trees/birch_1"},"threshold": 6379011},
        {"model": {"type": "minecraft:model","model": "wasd:item/objects/trees/birch_2"},"threshold": 6379012},
        {"model": {"type": "minecraft:model","model": "wasd:item/objects/trees/birch_3"},"threshold": 6379013},
        {"model": {"type": "minecraft:model","model": "wasd:item/objects/trees/jungle_1"},"threshold": 6379014},
        {"model": {"type": "minecraft:model","model": "wasd:item/objects/trees/jungle_2"},"threshold": 6379015},
        {"model": {"type": "minecraft:model","model": "wasd:item/objects/trees/jungle_3"},"threshold": 6379016},
        {"model": {"type": "minecraft:model","model": "wasd:item/objects/trees/jungle_4"},"threshold": 6379017},
        {"model": {"type": "minecraft:model","model": "wasd:item/objects/trees/acacia_1"},"threshold": 6379018},
        {"model": {"type": "minecraft:model","model": "wasd:item/objects/trees/acacia_2"},"threshold": 6379019},
        {"model": {"type": "minecraft:model","model": "wasd:item/objects/trees/acacia_3"},"threshold": 6379020},
        {"model": {"type": "minecraft:model","model": "wasd:item/objects/trees/acacia_4"},"threshold": 6379021},
        {"model": {"type": "minecraft:model","model": "wasd:item/objects/trees/acacia_5"},"threshold": 6379022},
        {"model": {"type": "minecraft:model","model": "wasd:item/objects/trees/acacia_6"},"threshold": 6379023},
        {"model": {"type": "minecraft:model","model": "wasd:item/objects/trees/dark_oak_1"},"threshold": 6379024},
        {"model": {"type": "minecraft:model","model": "wasd:item/objects/trees/dark_oak_2"},"threshold": 6379025},
        {"model": {"type": "minecraft:model","model": "wasd:item/objects/trees/dark_oak_3"},"threshold": 6379026},
        {"model": {"type": "minecraft:model","model": "wasd:item/objects/trees/dark_oak_4"},"threshold": 6379027},
        {"model": {"type": "minecraft:model","model": "wasd:item/objects/trees/cherry_1"},"threshold": 6379028},
        {"model": {"type": "minecraft:model","model": "wasd:item/objects/trees/cherry_2"},"threshold": 6379029},
        {"model": {"type": "minecraft:model","model": "wasd:item/objects/trees/cherry_3"},"threshold": 6379030},
        {"model": {"type": "minecraft:model","model": "wasd:item/objects/trees/cherry_4"},"threshold": 6379031},
        {"model": {"type": "minecraft:model","model": "wasd:item/objects/trees/cherry_5"},"threshold": 6379032},
        {"model": {"type": "minecraft:model","model": "wasd:item/objects/trees/cherry_6"},"threshold": 6379033},
        {"model": {"type": "minecraft:model","model": "wasd:item/objects/trees/mangrove_1"},"threshold": 6379034},
        {"model": {"type": "minecraft:model","model": "wasd:item/objects/trees/mangrove_2"},"threshold": 6379035},
        {"model": {"type": "minecraft:model","model": "wasd:item/objects/trees/mangrove_3"},"threshold": 6379036},
        {"model": {"type": "minecraft:model","model": "wasd:item/objects/trees/mangrove_4"},"threshold": 6379037},
        {"model": {"type": "minecraft:model","model": "wasd:item/objects/trees/mangrove_5"},"threshold": 6379038},
        {"model": {"type": "minecraft:model","model": "wasd:item/objects/trees/mangrove_6"},"threshold": 6379039},
        {"model": {"type": "minecraft:model","model": "wasd:item/objects/sugar_cane"},"threshold": 6379040},
        {"model": {"type": "minecraft:model","model": "wasd:item/objects/cactus"},"threshold": 6379041},
        {"model": {"type": "minecraft:model","model": "wasd:item/objects/nether_wart"},"threshold": 6379042},
        {"model": {"type": "minecraft:model","model": "wasd:item/objects/bamboo_1"},"threshold": 6379043},
        {"model": {"type": "minecraft:model","model": "wasd:item/objects/bamboo_2"},"threshold": 6379044},
        {"model": {"type": "minecraft:model","model": "wasd:item/objects/bamboo_3"},"threshold": 6379045},
        {"model": {"type": "minecraft:model","model": "wasd:item/objects/bamboo_4"},"threshold": 6379046},
        {"model": {"type": "minecraft:model","model": "wasd:item/objects/mushrooms/brown_mushroom_1"},"threshold": 6379047},
        {"model": {"type": "minecraft:model","model": "wasd:item/objects/mushrooms/brown_mushroom_2"},"threshold": 6379048},
        {"model": {"type": "minecraft:model","model": "wasd:item/objects/mushrooms/brown_mushroom_3"},"threshold": 6379049},
        {"model": {"type": "minecraft:model","model": "wasd:item/objects/mushrooms/red_mushroom_1"},"threshold": 6379050},
        {"model": {"type": "minecraft:model","model": "wasd:item/objects/mushrooms/red_mushroom_2"},"threshold": 6379051},
        {"model": {"type": "minecraft:model","model": "wasd:item/objects/mushrooms/red_mushroom_3"},"threshold": 6379052},
        {"model": {"type": "minecraft:model","model": "wasd:item/objects/mushrooms/red_mushroom_4"},"threshold": 6379053},
        {"model": {"type": "minecraft:model","model": "wasd:item/objects/mushrooms/crimson_1"},"threshold": 6379054},
        {"model": {"type": "minecraft:model","model": "wasd:item/objects/mushrooms/crimson_2"},"threshold": 6379055},
        {"model": {"type": "minecraft:model","model": "wasd:item/objects/mushrooms/crimson_3"},"threshold": 6379056},
        {"model": {"type": "minecraft:model","model": "wasd:item/objects/mushrooms/crimson_4"},"threshold": 6379057},
        {"model": {"type": "minecraft:model","model": "wasd:item/objects/mushrooms/crimson_5"},"threshold": 6379058},
        {"model": {"type": "minecraft:model","model": "wasd:item/objects/mushrooms/crimson_6"},"threshold": 6379059},
        {"model": {"type": "minecraft:model","model": "wasd:item/objects/mushrooms/warped_1"},"threshold": 6379060},
        {"model": {"type": "minecraft:model","model": "wasd:item/objects/mushrooms/warped_2"},"threshold": 6379061},
        {"model": {"type": "minecraft:model","model": "wasd:item/objects/mushrooms/warped_3"},"threshold": 6379062},
        {"model": {"type": "minecraft:model","model": "wasd:item/objects/mushrooms/warped_4"},"threshold": 6379063},
        {"model": {"type": "minecraft:model","model": "wasd:item/objects/mushrooms/warped_5"},"threshold": 6379064},
        {"model": {"type": "minecraft:model","model": "wasd:item/objects/mushrooms/warped_6"},"threshold": 6379065},
        {"model": {"type": "minecraft:model","model": "wasd:item/objects/small_dripleaf"},"threshold": 6379066},
        {"model": {"type": "minecraft:model","model": "wasd:item/objects/big_dripleaf_1"},"threshold": 6379067},
        {"model": {"type": "minecraft:model","model": "wasd:item/objects/big_dripleaf_2"},"threshold": 6379068},
        {"model": {"type": "minecraft:model","model": "wasd:item/objects/big_dripleaf_3"},"threshold": 6379069},
        {"model": {"type": "minecraft:model","model": "wasd:item/objects/flowers/allium"},"threshold": 6379070},
        {"model": {"type": "minecraft:model","model": "wasd:item/objects/flowers/azure_bluet"},"threshold": 6379071},
        {"model": {"type": "minecraft:model","model": "wasd:item/objects/flowers/blue_orchid"},"threshold": 6379072},
        {"model": {"type": "minecraft:model","model": "wasd:item/objects/flowers/cornflower"},"threshold": 6379073},
        {"model": {"type": "minecraft:model","model": "wasd:item/objects/flowers/dandelion"},"threshold": 6379074},
        {"model": {"type": "minecraft:model","model": "wasd:item/objects/flowers/lilac"},"threshold": 6379075},
        {"model": {"type": "minecraft:model","model": "wasd:item/objects/flowers/lily_of_the_valley"},"threshold": 6379076},
        {"model": {"type": "minecraft:model","model": "wasd:item/objects/flowers/orange_tulip"},"threshold": 6379077},
        {"model": {"type": "minecraft:model","model": "wasd:item/objects/flowers/oxeye_daisy"},"threshold": 6379078},
        {"model": {"type": "minecraft:model","model": "wasd:item/objects/flowers/peony"},"threshold": 6379079},
        {"model": {"type": "minecraft:model","model": "wasd:item/objects/flowers/pink_tulip"},"threshold": 6379080},
        {"model": {"type": "minecraft:model","model": "wasd:item/objects/flowers/poppy"},"threshold": 6379081},
        {"model": {"type": "minecraft:model","model": "wasd:item/objects/flowers/red_tulip"},"threshold": 6379082},
        {"model": {"type": "minecraft:model","model": "wasd:item/objects/flowers/rose_bush"},"threshold": 6379083},
        {"model": {"type": "minecraft:model","model": "wasd:item/objects/flowers/sunflower"},"threshold": 6379084},
        {"model": {"type": "minecraft:model","model": "wasd:item/objects/flowers/white_tulip"},"threshold": 6379085},
        {"model": {"type": "minecraft:model","model": "wasd:item/objects/flowers/wither_rose"},"threshold": 6379086},
        {"model": {"type": "minecraft:model","model": "wasd:item/objects/flowers/dead_bush"},"threshold": 6379087}
      ]
    }
  }
