{
	"credit": "Made with Blockbench",
	"textures": {
		"0": "deco/pole",
		"particle": "deco/pole"
	},
	"elements": [
		{
			"from": [4.75, 19.75, 4.75],
			"to": [11.25, 26.25, 11.25],
			"rotation": {"angle": 0, "axis": "y", "origin": [10.5, 27.75, 18.25]},
			"faces": {
				"north": {"uv": [0, 9, 7, 16], "texture": "#0"},
				"east": {"uv": [0, 9, 7, 16], "texture": "#0"},
				"south": {"uv": [0, 9, 7, 16], "texture": "#0"},
				"west": {"uv": [0, 9, 7, 16], "texture": "#0"},
				"up": {"uv": [0, 9, 7, 16], "texture": "#0"},
				"down": {"uv": [0, 9, 7, 16], "texture": "#0"}
			}
		},
		{
			"name": "octagon",
			"from": [5.92893, 17.5, 3],
			"to": [10.07107, 18.5, 4],
			"rotation": {"angle": 45, "axis": "y", "origin": [8, 18, 8]},
			"faces": {
				"north": {"uv": [0, 0, 1, 1], "texture": "#0"},
				"east": {"uv": [0, 0, 1, 1], "texture": "#0"},
				"south": {"uv": [0, 0, 1, 1], "texture": "#0"},
				"west": {"uv": [0, 0, 1, 1], "texture": "#0"},
				"up": {"uv": [0, 0, 1, 1], "texture": "#0"},
				"down": {"uv": [0, 0, 1, 1], "texture": "#0"}
			}
		},
		{
			"name": "octagon",
			"from": [5.92893, 17.5, 3],
			"to": [10.07107, 18.5, 4],
			"rotation": {"angle": 0, "axis": "y", "origin": [8, 18, 8]},
			"faces": {
				"north": {"uv": [0, 0, 1, 1], "texture": "#0"},
				"east": {"uv": [0, 0, 1, 1], "texture": "#0"},
				"south": {"uv": [0, 0, 1, 1], "texture": "#0"},
				"west": {"uv": [0, 0, 1, 1], "texture": "#0"},
				"up": {"uv": [0, 0, 1, 1], "texture": "#0"},
				"down": {"uv": [0, 0, 1, 1], "texture": "#0"}
			}
		},
		{
			"name": "octagon",
			"from": [5.92893, 17.5, 12],
			"to": [10.07107, 18.5, 13],
			"rotation": {"angle": 45, "axis": "y", "origin": [8, 18, 8]},
			"faces": {
				"north": {"uv": [0, 0, 1, 1], "texture": "#0"},
				"east": {"uv": [0, 0, 1, 1], "texture": "#0"},
				"south": {"uv": [0, 0, 1, 1], "texture": "#0"},
				"west": {"uv": [0, 0, 1, 1], "texture": "#0"},
				"up": {"uv": [0, 0, 1, 1], "texture": "#0"},
				"down": {"uv": [0, 0, 1, 1], "texture": "#0"}
			}
		},
		{
			"name": "octagon",
			"from": [5.92893, 17.5, 12],
			"to": [10.07107, 18.5, 13],
			"rotation": {"angle": 0, "axis": "y", "origin": [8, 18, 8]},
			"faces": {
				"north": {"uv": [0, 0, 1, 1], "texture": "#0"},
				"east": {"uv": [0, 0, 1, 1], "texture": "#0"},
				"south": {"uv": [0, 0, 1, 1], "texture": "#0"},
				"west": {"uv": [0, 0, 1, 1], "texture": "#0"},
				"up": {"uv": [0, 0, 1, 1], "texture": "#0"},
				"down": {"uv": [0, 0, 1, 1], "texture": "#0"}
			}
		},
		{
			"name": "octagon",
			"from": [3, 17.5, 5.92893],
			"to": [4, 18.5, 10.07107],
			"rotation": {"angle": 45, "axis": "y", "origin": [8, 18, 8]},
			"faces": {
				"north": {"uv": [0, 0, 1, 1], "texture": "#0"},
				"east": {"uv": [0, 0, 1, 1], "texture": "#0"},
				"south": {"uv": [0, 0, 1, 1], "texture": "#0"},
				"west": {"uv": [0, 0, 1, 1], "texture": "#0"},
				"up": {"uv": [0, 0, 1, 1], "texture": "#0"},
				"down": {"uv": [0, 0, 1, 1], "texture": "#0"}
			}
		},
		{
			"name": "octagon",
			"from": [3, 17.5, 5.92893],
			"to": [4, 18.5, 10.07107],
			"rotation": {"angle": 0, "axis": "y", "origin": [8, 18, 8]},
			"faces": {
				"north": {"uv": [0, 0, 1, 1], "texture": "#0"},
				"east": {"uv": [0, 0, 1, 1], "texture": "#0"},
				"south": {"uv": [0, 0, 1, 1], "texture": "#0"},
				"west": {"uv": [0, 0, 1, 1], "texture": "#0"},
				"up": {"uv": [0, 0, 1, 1], "texture": "#0"},
				"down": {"uv": [0, 0, 1, 1], "texture": "#0"}
			}
		},
		{
			"name": "octagon",
			"from": [12, 17.5, 5.92893],
			"to": [13, 18.5, 10.07107],
			"rotation": {"angle": 45, "axis": "y", "origin": [8, 18, 8]},
			"faces": {
				"north": {"uv": [0, 0, 1, 1], "texture": "#0"},
				"east": {"uv": [0, 0, 1, 1], "texture": "#0"},
				"south": {"uv": [0, 0, 1, 1], "texture": "#0"},
				"west": {"uv": [0, 0, 1, 1], "texture": "#0"},
				"up": {"uv": [0, 0, 1, 1], "texture": "#0"},
				"down": {"uv": [0, 0, 1, 1], "texture": "#0"}
			}
		},
		{
			"name": "octagon",
			"from": [12, 17.5, 5.92893],
			"to": [13, 18.5, 10.07107],
			"rotation": {"angle": 0, "axis": "y", "origin": [8, 18, 8]},
			"faces": {
				"north": {"uv": [0, 0, 1, 1], "texture": "#0"},
				"east": {"uv": [0, 0, 1, 1], "texture": "#0"},
				"south": {"uv": [0, 0, 1, 1], "texture": "#0"},
				"west": {"uv": [0, 0, 1, 1], "texture": "#0"},
				"up": {"uv": [0, 0, 1, 1], "texture": "#0"},
				"down": {"uv": [0, 0, 1, 1], "texture": "#0"}
			}
		},
		{
			"name": "octagon",
			"from": [5.10051, 8.75, 1],
			"to": [10.89949, 9.75, 2],
			"rotation": {"angle": 45, "axis": "y", "origin": [8, 9.25, 8]},
			"faces": {
				"north": {"uv": [0, 0, 1, 1], "texture": "#0"},
				"east": {"uv": [0, 0, 1, 1], "texture": "#0"},
				"south": {"uv": [0, 0, 1, 1], "texture": "#0"},
				"west": {"uv": [0, 0, 1, 1], "texture": "#0"},
				"up": {"uv": [0, 0, 1, 1], "texture": "#0"},
				"down": {"uv": [0, 0, 1, 1], "texture": "#0"}
			}
		},
		{
			"name": "octagon",
			"from": [5.10051, 8.75, 1],
			"to": [10.89949, 9.75, 2],
			"rotation": {"angle": 0, "axis": "y", "origin": [8, 9.25, 8]},
			"faces": {
				"north": {"uv": [0, 0, 1, 1], "texture": "#0"},
				"east": {"uv": [0, 0, 1, 1], "texture": "#0"},
				"south": {"uv": [0, 0, 1, 1], "texture": "#0"},
				"west": {"uv": [0, 0, 1, 1], "texture": "#0"},
				"up": {"uv": [0, 0, 1, 1], "texture": "#0"},
				"down": {"uv": [0, 0, 1, 1], "texture": "#0"}
			}
		},
		{
			"name": "octagon",
			"from": [5.10051, 8.75, 14],
			"to": [10.89949, 9.75, 15],
			"rotation": {"angle": 45, "axis": "y", "origin": [8, 9.25, 8]},
			"faces": {
				"north": {"uv": [0, 0, 1, 1], "texture": "#0"},
				"east": {"uv": [0, 0, 1, 1], "texture": "#0"},
				"south": {"uv": [0, 0, 1, 1], "texture": "#0"},
				"west": {"uv": [0, 0, 1, 1], "texture": "#0"},
				"up": {"uv": [0, 0, 1, 1], "texture": "#0"},
				"down": {"uv": [0, 0, 1, 1], "texture": "#0"}
			}
		},
		{
			"name": "octagon",
			"from": [5.10051, 8.75, 14],
			"to": [10.89949, 9.75, 15],
			"rotation": {"angle": 0, "axis": "y", "origin": [8, 9.25, 8]},
			"faces": {
				"north": {"uv": [0, 0, 1, 1], "texture": "#0"},
				"east": {"uv": [0, 0, 1, 1], "texture": "#0"},
				"south": {"uv": [0, 0, 1, 1], "texture": "#0"},
				"west": {"uv": [0, 0, 1, 1], "texture": "#0"},
				"up": {"uv": [0, 0, 1, 1], "texture": "#0"},
				"down": {"uv": [0, 0, 1, 1], "texture": "#0"}
			}
		},
		{
			"name": "octagon",
			"from": [1, 8.75, 5.10051],
			"to": [2, 9.75, 10.89949],
			"rotation": {"angle": 45, "axis": "y", "origin": [8, 9.25, 8]},
			"faces": {
				"north": {"uv": [0, 0, 1, 1], "texture": "#0"},
				"east": {"uv": [0, 0, 1, 1], "texture": "#0"},
				"south": {"uv": [0, 0, 1, 1], "texture": "#0"},
				"west": {"uv": [0, 0, 1, 1], "texture": "#0"},
				"up": {"uv": [0, 0, 1, 1], "texture": "#0"},
				"down": {"uv": [0, 0, 1, 1], "texture": "#0"}
			}
		},
		{
			"name": "octagon",
			"from": [1, 8.75, 5.10051],
			"to": [2, 9.75, 10.89949],
			"rotation": {"angle": 0, "axis": "y", "origin": [8, 9.25, 8]},
			"faces": {
				"north": {"uv": [0, 0, 1, 1], "texture": "#0"},
				"east": {"uv": [0, 0, 1, 1], "texture": "#0"},
				"south": {"uv": [0, 0, 1, 1], "texture": "#0"},
				"west": {"uv": [0, 0, 1, 1], "texture": "#0"},
				"up": {"uv": [0, 0, 1, 1], "texture": "#0"},
				"down": {"uv": [0, 0, 1, 1], "texture": "#0"}
			}
		},
		{
			"name": "octagon",
			"from": [14, 8.75, 5.10051],
			"to": [15, 9.75, 10.89949],
			"rotation": {"angle": 45, "axis": "y", "origin": [8, 9.25, 8]},
			"faces": {
				"north": {"uv": [0, 0, 1, 1], "texture": "#0"},
				"east": {"uv": [0, 0, 1, 1], "texture": "#0"},
				"south": {"uv": [0, 0, 1, 1], "texture": "#0"},
				"west": {"uv": [0, 0, 1, 1], "texture": "#0"},
				"up": {"uv": [0, 0, 1, 1], "texture": "#0"},
				"down": {"uv": [0, 0, 1, 1], "texture": "#0"}
			}
		},
		{
			"name": "octagon",
			"from": [14, 8.75, 5.10051],
			"to": [15, 9.75, 10.89949],
			"rotation": {"angle": 0, "axis": "y", "origin": [8, 9.25, 8]},
			"faces": {
				"north": {"uv": [0, 0, 1, 1], "texture": "#0"},
				"east": {"uv": [0, 0, 1, 1], "texture": "#0"},
				"south": {"uv": [0, 0, 1, 1], "texture": "#0"},
				"west": {"uv": [0, 0, 1, 1], "texture": "#0"},
				"up": {"uv": [0, 0, 1, 1], "texture": "#0"},
				"down": {"uv": [0, 0, 1, 1], "texture": "#0"}
			}
		},
		{
			"name": "octagon",
			"from": [5.51472, 13.25, 2],
			"to": [10.48528, 14.25, 3],
			"rotation": {"angle": 45, "axis": "y", "origin": [8, 13.75, 8]},
			"faces": {
				"north": {"uv": [0, 0, 1, 1], "texture": "#0"},
				"east": {"uv": [0, 0, 1, 1], "texture": "#0"},
				"south": {"uv": [0, 0, 1, 1], "texture": "#0"},
				"west": {"uv": [0, 0, 1, 1], "texture": "#0"},
				"up": {"uv": [0, 0, 1, 1], "texture": "#0"},
				"down": {"uv": [0, 0, 1, 1], "texture": "#0"}
			}
		},
		{
			"name": "octagon",
			"from": [5.51472, 13.25, 2],
			"to": [10.48528, 14.25, 3],
			"rotation": {"angle": 0, "axis": "y", "origin": [8, 13.75, 8]},
			"faces": {
				"north": {"uv": [0, 0, 1, 1], "texture": "#0"},
				"east": {"uv": [0, 0, 1, 1], "texture": "#0"},
				"south": {"uv": [0, 0, 1, 1], "texture": "#0"},
				"west": {"uv": [0, 0, 1, 1], "texture": "#0"},
				"up": {"uv": [0, 0, 1, 1], "texture": "#0"},
				"down": {"uv": [0, 0, 1, 1], "texture": "#0"}
			}
		},
		{
			"name": "octagon",
			"from": [5.51472, 13.25, 13],
			"to": [10.48528, 14.25, 14],
			"rotation": {"angle": 45, "axis": "y", "origin": [8, 13.75, 8]},
			"faces": {
				"north": {"uv": [0, 0, 1, 1], "texture": "#0"},
				"east": {"uv": [0, 0, 1, 1], "texture": "#0"},
				"south": {"uv": [0, 0, 1, 1], "texture": "#0"},
				"west": {"uv": [0, 0, 1, 1], "texture": "#0"},
				"up": {"uv": [0, 0, 1, 1], "texture": "#0"},
				"down": {"uv": [0, 0, 1, 1], "texture": "#0"}
			}
		},
		{
			"name": "octagon",
			"from": [5.51472, 13.25, 13],
			"to": [10.48528, 14.25, 14],
			"rotation": {"angle": 0, "axis": "y", "origin": [8, 13.75, 8]},
			"faces": {
				"north": {"uv": [0, 0, 1, 1], "texture": "#0"},
				"east": {"uv": [0, 0, 1, 1], "texture": "#0"},
				"south": {"uv": [0, 0, 1, 1], "texture": "#0"},
				"west": {"uv": [0, 0, 1, 1], "texture": "#0"},
				"up": {"uv": [0, 0, 1, 1], "texture": "#0"},
				"down": {"uv": [0, 0, 1, 1], "texture": "#0"}
			}
		},
		{
			"name": "octagon",
			"from": [2, 13.25, 5.51472],
			"to": [3, 14.25, 10.48528],
			"rotation": {"angle": 45, "axis": "y", "origin": [8, 13.75, 8]},
			"faces": {
				"north": {"uv": [0, 0, 1, 1], "texture": "#0"},
				"east": {"uv": [0, 0, 1, 1], "texture": "#0"},
				"south": {"uv": [0, 0, 1, 1], "texture": "#0"},
				"west": {"uv": [0, 0, 1, 1], "texture": "#0"},
				"up": {"uv": [0, 0, 1, 1], "texture": "#0"},
				"down": {"uv": [0, 0, 1, 1], "texture": "#0"}
			}
		},
		{
			"name": "octagon",
			"from": [2, 13.25, 5.51472],
			"to": [3, 14.25, 10.48528],
			"rotation": {"angle": 0, "axis": "y", "origin": [8, 13.75, 8]},
			"faces": {
				"north": {"uv": [0, 0, 1, 1], "texture": "#0"},
				"east": {"uv": [0, 0, 1, 1], "texture": "#0"},
				"south": {"uv": [0, 0, 1, 1], "texture": "#0"},
				"west": {"uv": [0, 0, 1, 1], "texture": "#0"},
				"up": {"uv": [0, 0, 1, 1], "texture": "#0"},
				"down": {"uv": [0, 0, 1, 1], "texture": "#0"}
			}
		},
		{
			"name": "octagon",
			"from": [13, 13.25, 5.51472],
			"to": [14, 14.25, 10.48528],
			"rotation": {"angle": 45, "axis": "y", "origin": [8, 13.75, 8]},
			"faces": {
				"north": {"uv": [0, 0, 1, 1], "texture": "#0"},
				"east": {"uv": [0, 0, 1, 1], "texture": "#0"},
				"south": {"uv": [0, 0, 1, 1], "texture": "#0"},
				"west": {"uv": [0, 0, 1, 1], "texture": "#0"},
				"up": {"uv": [0, 0, 1, 1], "texture": "#0"},
				"down": {"uv": [0, 0, 1, 1], "texture": "#0"}
			}
		},
		{
			"name": "octagon",
			"from": [13, 13.25, 5.51472],
			"to": [14, 14.25, 10.48528],
			"rotation": {"angle": 0, "axis": "y", "origin": [8, 13.75, 8]},
			"faces": {
				"north": {"uv": [0, 0, 1, 1], "texture": "#0"},
				"east": {"uv": [0, 0, 1, 1], "texture": "#0"},
				"south": {"uv": [0, 0, 1, 1], "texture": "#0"},
				"west": {"uv": [0, 0, 1, 1], "texture": "#0"},
				"up": {"uv": [0, 0, 1, 1], "texture": "#0"},
				"down": {"uv": [0, 0, 1, 1], "texture": "#0"}
			}
		},
		{
			"from": [2, 0, 2],
			"to": [14, 2, 14.25],
			"rotation": {"angle": 0, "axis": "y", "origin": [10.5, 8, 10.5]},
			"faces": {
				"north": {"uv": [5, 0, 7, 2], "texture": "#0"},
				"east": {"uv": [5, 0, 7, 2], "texture": "#0"},
				"south": {"uv": [5, 0, 7, 2], "texture": "#0"},
				"west": {"uv": [5, 0, 7, 2], "texture": "#0"},
				"up": {"uv": [5, 0, 7, 2], "texture": "#0"},
				"down": {"uv": [5, 0, 7, 2], "texture": "#0"}
			}
		},
		{
			"from": [5.75, 16.5, 5.75],
			"to": [10, 19.75, 10.25],
			"rotation": {"angle": 0, "axis": "y", "origin": [10.5, 24.5, 10.5]},
			"faces": {
				"north": {"uv": [5, 0, 7, 2], "texture": "#0"},
				"east": {"uv": [5, 0, 7, 2], "texture": "#0"},
				"south": {"uv": [5, 0, 7, 2], "texture": "#0"},
				"west": {"uv": [5, 0, 7, 2], "texture": "#0"},
				"up": {"uv": [5, 0, 7, 2], "texture": "#0"},
				"down": {"uv": [5, 0, 7, 2], "texture": "#0"}
			}
		},
		{
			"from": [5.25, 13, 5.25],
			"to": [10.75, 16.5, 10.75],
			"rotation": {"angle": 0, "axis": "y", "origin": [10.5, 21, 10.5]},
			"faces": {
				"north": {"uv": [5, 0, 7, 2], "texture": "#0"},
				"east": {"uv": [5, 0, 7, 2], "texture": "#0"},
				"south": {"uv": [5, 0, 7, 2], "texture": "#0"},
				"west": {"uv": [5, 0, 7, 2], "texture": "#0"},
				"up": {"uv": [5, 0, 7, 2], "texture": "#0"},
				"down": {"uv": [5, 0, 7, 2], "texture": "#0"}
			}
		},
		{
			"from": [4.75, 9.75, 4.75],
			"to": [11.25, 13, 11.25],
			"rotation": {"angle": 0, "axis": "y", "origin": [10.5, 17.75, 10.5]},
			"faces": {
				"north": {"uv": [5, 0, 7, 2], "texture": "#0"},
				"east": {"uv": [5, 0, 7, 2], "texture": "#0"},
				"south": {"uv": [5, 0, 7, 2], "texture": "#0"},
				"west": {"uv": [5, 0, 7, 2], "texture": "#0"},
				"up": {"uv": [5, 0, 7, 2], "texture": "#0"},
				"down": {"uv": [5, 0, 7, 2], "texture": "#0"}
			}
		},
		{
			"from": [4, 6.75, 4],
			"to": [12, 9.75, 12],
			"rotation": {"angle": 0, "axis": "y", "origin": [10.5, 14.75, 10.5]},
			"faces": {
				"north": {"uv": [5, 0, 7, 2], "texture": "#0"},
				"east": {"uv": [5, 0, 7, 2], "texture": "#0"},
				"south": {"uv": [5, 0, 7, 2], "texture": "#0"},
				"west": {"uv": [5, 0, 7, 2], "texture": "#0"},
				"up": {"uv": [5, 0, 7, 2], "texture": "#0"},
				"down": {"uv": [5, 0, 7, 2], "texture": "#0"}
			}
		},
		{
			"from": [3.25, 4.25, 3.25],
			"to": [12.75, 6.75, 12.75],
			"rotation": {"angle": 0, "axis": "y", "origin": [10.5, 12.25, 10.5]},
			"faces": {
				"north": {"uv": [5, 0, 7, 2], "texture": "#0"},
				"east": {"uv": [5, 0, 7, 2], "texture": "#0"},
				"south": {"uv": [5, 0, 7, 2], "texture": "#0"},
				"west": {"uv": [5, 0, 7, 2], "texture": "#0"},
				"up": {"uv": [5, 0, 7, 2], "texture": "#0"},
				"down": {"uv": [5, 0, 7, 2], "texture": "#0"}
			}
		},
		{
			"from": [2.75, 2, 2.75],
			"to": [13.25, 4.25, 13.5],
			"rotation": {"angle": 0, "axis": "y", "origin": [10.5, 8, 10.5]},
			"faces": {
				"north": {"uv": [5, 0, 7, 2], "texture": "#0"},
				"east": {"uv": [5, 0, 7, 2], "texture": "#0"},
				"south": {"uv": [5, 0, 7, 2], "texture": "#0"},
				"west": {"uv": [5, 0, 7, 2], "texture": "#0"},
				"up": {"uv": [5, 0, 7, 2], "texture": "#0"},
				"down": {"uv": [5, 0, 7, 2], "texture": "#0"}
			}
		}
	],
	"display": {
		"head": {
			"translation": [0, -29, 0],
			"scale": [1.6, 1.6, 1.6]
		},
		"fixed": {
			"rotation": [-90, 0, 0],
			"translation": [0, 0, -16],
			"scale": [2, 2, 2]
		}
	},
	"groups": [0,
		{
			"name": "octagon",
			"origin": [8, 8, 8],
			"children": []
		},
		{
			"name": "group",
			"origin": [8, 8, 8],
			"children": [
				{
					"name": "octagon",
					"origin": [8, 8, 8],
					"children": [1, 2, 3, 4, 5, 6, 7, 8]
				},
				{
					"name": "octagon",
					"origin": [8, 8, 8],
					"children": [9, 10, 11, 12, 13, 14, 15, 16]
				},
				{
					"name": "octagon",
					"origin": [8, 8, 8],
					"children": [17, 18, 19, 20, 21, 22, 23, 24]
				}
			]
		},
		{
			"name": "pole",
			"origin": [10.5, 8, 10.5],
			"children": [25, 26, 27, 28, 29, 30, 31]
		}
	]
}